CustomerId,FirstName,LastName,DateOfBirth,Email,Phone,Address,Postcode,JoinDate
592fc870-37c1-4f03-aebb-3a889f590d97,Amy,York,1944-10-17,amy.york@yahoo.com,+44 5024 8510199,"Holland Park School, Campden Hill, Notting Hill, Royal Borough of Kensington and Chelsea, London, Greater London, England, W8 7AF, United Kingdom",BH2 2BD,2023-08-22 00:17:30
53ea6765-1dee-4658-a59b-77aed015cf95,Paul,Lévy,1917-12-26,paul.lévy@yahoo.com,+44 5635 6281216,"Peckham Square, Peckham, London Borough of Southwark, London, Greater London, England, United Kingdom",L0D 4SN,2017-10-05 19:16:40
62757c6b-11b7-4877-86ea-0542e9e9ae0a,Salvi,Bonnin,2003-07-31,salvi.bonnin@hotmail.com,+44 8087 6537428,"Fosters Way, Earlsfield, London Borough of Wandsworth, London, Greater London, England, SW18 4QS, United Kingdom",M1 7HW,2023-05-29 00:57:24
eebded7b-e94d-4e53-9acd-6a14504ff60d,René,Iannuzzi,1986-05-26,rené.iannuzzi@gmail.com,+44 8587 6533812,"30, Hurstwood Road, Temple Fortune, London Borough of Barnet, London, Greater London, England, NW11 0AS, United Kingdom",KA0V 9RE,2021-03-30 07:16:06
dffbf368-1f83-4bed-aac8-8470c9e8b590,Tiffany,Suresh,1916-07-31,tiffany.suresh@yahoo.com,+44 3872 3896753,"Parsons Green Prep School, 1, Fulham Park Road, Hurlingham, Parson's Green, London Borough of Hammersmith and Fulham, London, Greater London, England, SW6 4LJ, United Kingdom",S71 5UG,2019-10-30 03:41:47
f33a1083-fc71-4ab5-a929-91c512881a22,Giuliana,Neveu,1985-07-16,giuliana.neveu@outlook.com,+44 2248 0245912,"Saint James the Great RC Primary and Nursery School, Windsor Road, Thornton Heath, London Borough of Croydon, London, Greater London, England, CR7 8HJ, United Kingdom",SE80 9GH,2022-07-16 00:36:20
b8a608ca-8609-4c79-8e83-aa9aff745a0b,Emilio,Williams,1976-01-21,emilio.williams@yahoo.co.uk,+44 4302 2529609,"56, Goldhawk Road, Brook Green, London Borough of Hammersmith and Fulham, London, Greater London, England, W12 8HA, United Kingdom",M6K 0HE,2016-10-26 05:15:43
30b7d4f1-f65b-416b-a08d-55f53cb8662a,Mandy,Guyon,1969-04-16,mandy.guyon@free.fr,+44 2270 3172769,"Roehampton University, Swanwick Close, Roehampton, London Borough of Wandsworth, London, Greater London, England, SW15 4DA, United Kingdom",HS3 6AF,2023-10-06 02:00:16
b9a46f8c-a19f-44c1-b24c-043072c1d2af,Micheletto,Vyas,1990-02-26,micheletto.vyas@hotmail.com,+44 4612 0139116,"26, Oakway, West Barnes, London Borough of Merton, London, Greater London, England, SW20 9JE, United Kingdom",M74 2XY,2022-12-26 22:51:50
94ff3d68-e262-4fa4-bf62-162e4e7ddd21,Molly,Navone,1972-08-21,molly.navone@virgilio.it,+44 4720 0523875,"Hyde Park, Knightsbridge, Belgravia, London, Greater London, England, SW1X 7JT, United Kingdom",CB0 6DX,2020-01-01 09:06:44
53fb886d-c811-45fc-a464-65eb3f82d5d8,Margot,Cuzzocrea,1918-04-19,margot.cuzzocrea@gmail.com,+44 0906 0604790,"Hillworth Road, Streatham Hill, London Borough of Lambeth, London, Greater London, England, SW2 2DZ, United Kingdom",CM2 8AH,2021-02-21 03:51:54
239fc9a5-aa02-479b-8b10-16855dfd1134,Carrie,Gay,1941-10-28,carrie.gay@hotmail.com,+44 6935 5407212,"Woodlawn Road, Bishop’s Mansions, Parson's Green, London Borough of Hammersmith and Fulham, London, Greater London, England, SW6 6PS, United Kingdom",W1W 7FE,2021-08-14 21:40:09
780e0a6e-6ddc-4fbc-97a2-f13ec6e90e5e,Arnaude,Paris,1992-06-09,arnaude.paris@yahoo.com,+44 5959 9937995,"102, Sydney Road, The Apostles, Raynes Park, London Borough of Merton, London, Greater London, England, SW20 8EF, United Kingdom",W59 2QL,2021-02-10 07:31:09
8759dd31-9b24-4148-bc92-2f8811875592,Stéphane,Ramakrishnan,1922-02-03,stéphane.ramakrishnan@gmail.com,+44 8152 9316178,"67, Crawthew Grove, East Dulwich, London Borough of Southwark, London, Greater London, England, SE22 8EW, United Kingdom",B8 5XF,2023-04-02 14:55:30
990e2671-dbc4-4d5a-9eed-694d80ae6b87,Misha,Holloway,1950-06-26,misha.holloway@hotmail.com,+44 7597 5354548,"Charles Coveney Road, Peckham, London Borough of Southwark, London, Greater London, England, SE15 5JP, United Kingdom",N9 8JH,2017-12-25 08:56:16
e26dfd79-f5ea-4fca-9bf6-02759339dc46,Hrishita,Bernard,1933-05-19,hrishita.bernard@yahoo.com,+44 7088 4848256,"Winchester Street, Pimlico, London, Greater London, England, SW1V 4ND, United Kingdom",W7 6EH,2014-10-27 23:38:16
2edd0ec4-bb70-446e-a12d-d9e1a956cfdf,Anay,Sant,1979-05-24,anay.sant@gmail.com,+44 2867 5326432,"Lowood Court, Farquhar Road, Upper Sydenham, London Borough of Southwark, London, Greater London, England, SE19 1SW, United Kingdom",SO87 2ZA,2021-10-29 15:42:16
6927f5de-fc17-440d-9ca9-816642570230,Emir,Gara,1922-09-05,emir.gara@yahoo.com,+44 3398 3452095,"Danemere Street, London Borough of Wandsworth, London, Greater London, England, SW15 1LT, United Kingdom",WN30 7QD,2018-10-06 11:41:29
5e3c4ad6-38fc-448e-8a7b-964aedd71234,Manon,Pelli,1925-02-05,manon.pelli@hotmail.com,+44 5245 7151635,"Romeyn Road, Streatham Hill, London Borough of Lambeth, London, Greater London, England, SW16 2JH, United Kingdom",E6 0JH,2023-01-17 03:19:42
e779aacd-268e-43e5-9288-4a5bc7d103a0,Cipriano,Balay,1971-09-27,cipriano.balay@tele2.fr,+44 4155 6076452,"Mayfield Road, De Beauvoir Town, Haggerston, London Borough of Hackney, London, Greater London, England, E8 4BB, United Kingdom",N3W 8BF,2017-02-18 12:43:11
03f4a17c-73a7-4b25-807c-27ab083f0323,Rachael,Gross,1951-05-12,rachael.gross@hotmail.fr,+44 0360 7098096,"Medfield Street, Roehampton, London Borough of Wandsworth, London, Greater London, England, SW15 4JX, United Kingdom",L4 2TN,2023-01-02 09:54:24
c7229260-1ad7-421e-846a-098f239a36bc,Leopoldo,Bumb,1996-03-28,leopoldo.bumb@alice.it,+44 7350 2827767,"Slippers Place, Slippers Place Estate, Bermondsey, London Borough of Southwark, London, Greater London, England, SE16 2EH, United Kingdom",W58 9GU,2023-05-29 04:39:54
eab5e0e9-b313-4046-a1c9-60ed87fa7fbb,Biagio,Cousin,1921-01-26,biagio.cousin@gmail.com,+44 2942 1426103,"70, Ashley Road, Archway, London Borough of Islington, London, Greater London, England, N19 3AF, United Kingdom",LA7 9ZR,2023-09-15 04:17:42
76eedd3b-778f-4d76-a49c-bc01c3f52557,Alexandre,Farmer,1950-04-02,alexandre.farmer@gmail.com,+44 6681 6971222,"Hyde Park, Knightsbridge, Belgravia, London, Greater London, England, SW1X 7JT, United Kingdom",W9W 4JR,2019-02-15 08:20:16
9b18e070-8247-4672-b0b1-7e8ceed33dcc,Joanna,Gupta,2003-09-07,joanna.gupta@hotmail.com,+44 1903 7925009,"90, Stamford Street, South Bank, Waterloo, London Borough of Lambeth, London, Greater London, England, SE1 9NN, United Kingdom",L1G 6FY,2023-04-22 19:31:21
ec6bff32-7c8c-469e-ae68-217876198960,Renee,Horton,1917-09-06,renee.horton@hotmail.com,+44 1022 9982593,"12, Ravensbury Terrace, Rufus Business Centre, Wimbledon Park, London Borough of Merton, London, Greater London, England, SW18 4SF, United Kingdom",S5 1GA,2023-03-22 00:36:49
013d841c-7511-4f53-ace8-3dfac787ffbc,Élise,Cook,1930-04-27,élise.cook@wanadoo.fr,+44 1970 8240042,"Plough Lane Stadium, Plough Lane, Collier's Wood, London Borough of Merton, London, Greater London, England, SW17 0NR, United Kingdom",AL6 1LF,2023-09-11 01:11:52
8a5c22fd-4e5a-4d9e-9513-b0df79a0c578,Alexander,Ghosh,1968-01-01,alexander.ghosh@hotmail.com,+44 9901 8855254,"Lemsford Close, South Tottenham, London Borough of Haringey, London, Greater London, England, N15 6BF, United Kingdom",W5 0XZ,2018-12-25 19:45:53
10855a1c-86d1-4f7a-84be-7dac9a069fa7,Frank,Kelly,1945-05-23,frank.kelly@gmail.com,+44 9308 7461674,"Kensington Gardens, West Carriage Drive, Paddington, London, Greater London, England, W2 2NB, United Kingdom",FY2 8QD,2021-06-18 00:00:43
3dcce4d7-1028-470f-a5b3-fd5fbe3a9b23,Joseph,Lenoir,1953-04-14,joseph.lenoir@free.fr,+44 3748 2364216,"Martello Street, Haggerston, London Borough of Hackney, London, Greater London, England, E8 3PE, United Kingdom",S66 8RJ,2022-02-02 20:15:48
70627e84-9db4-47a0-a96c-054f827bb8fd,Katie,Boitani,1982-12-10,katie.boitani@hotmail.com,+44 4905 4985788,"Ladies' Mile, Roehampton, London Borough of Wandsworth, London, Greater London, England, SW15 3TT, United Kingdom",NE1X 5RE,2019-03-10 17:51:10
57ed6df1-28a2-47b7-8f45-91138074670c,Alisha,Williams,1959-10-08,alisha.williams@hotmail.com,+44 6002 7044839,"Honor Oak Mansions, 1-12, Underhill Road, East Dulwich, London Borough of Southwark, London, Greater London, England, SE22 0QP, United Kingdom",WN0M 1JY,2018-07-14 22:52:55
c51773fd-51bd-4ac6-ba31-76baf005412e,Frank,Bassi,1926-06-17,frank.bassi@yahoo.com,+44 0989 7609784,"London Debre Genet Holy Trinity Church, Mora Road, Dollis Hill, London Borough of Brent, London, Greater London, England, NW2 6TB, United Kingdom",L7 7ZE,2022-09-27 22:17:53
1ff45fb4-0177-493b-a055-6f2cd28bbd30,Drishya,Nicholson,1989-01-28,drishya.nicholson@hotmail.com,+44 3430 6269602,"Kingsley Way, Hampstead Garden Suburb, London Borough of Barnet, London, Greater London, England, N2 0EN, United Kingdom",L81 3PL,2023-09-15 21:55:30
92c1cc92-00ee-4f21-8bab-741dec9f7b15,Marianne,Schiaparelli,1913-01-11,marianne.schiaparelli@gmail.com,+44 8311 3331158,"5,7, Alwyne Place, Highbury, London Borough of Islington, London, Greater London, England, N1 2NN, United Kingdom",TF12 1WL,2022-07-28 19:59:13
715c86a8-2338-41fe-89f8-37c30b3f39d3,Aniruddh,Bhasin,1957-01-04,aniruddh.bhasin@hotmail.fr,+44 3486 8685749,"Shirehall Park, Brent Cross, London Borough of Barnet, London, Greater London, England, NW4 2QX, United Kingdom",SL2V 7JQ,2020-10-01 01:05:14
eb7ea51d-17b5-4c02-992e-5d93a4462c0e,Bryan,Bossi,1926-12-08,bryan.bossi@gmail.com,+44 2617 5632710,"S2, 8, Handyside Street, King's Cross, London Borough of Camden, London, Greater London, England, N1C 4BP, United Kingdom",B2K 5ZW,2021-11-14 10:39:04
09cc1bbd-2991-4b00-9ace-ea37e4c435e5,Philip,Choudhury,1919-06-06,philip.choudhury@gmail.com,+44 0135 0894185,"30, Diprose Lodge, London Borough of Wandsworth, Greater London, England, SW17 0UE, United Kingdom",N1 7AR,2019-11-16 18:34:56
aaa9c67c-3158-41cb-bcf5-bb2c697a2f11,Michelle,Barrett,1937-06-28,michelle.barrett@hotmail.com,+44 1884 7749876,"The Royal Hospital Chelsea, Franklins Row, Chelsea, Royal Borough of Kensington and Chelsea, London, Greater London, England, SW3 4TA, United Kingdom",CF2 8DR,2018-09-22 02:40:24
ff827e02-10c9-4d6a-b02a-b3d80c9c1388,Paride,Robertson,1914-09-21,paride.robertson@hotmail.com,+44 8900 3139671,"Croydon University Hospital, 530, London Road, Thornton Heath, London Borough of Croydon, London, Greater London, England, CR7 7YE, United Kingdom",S3K 3ER,2022-03-16 00:05:29
36183949-9fb0-4687-b2e6-695130a50fe4,Giustino,Wilson,2000-11-12,giustino.wilson@bouygtel.fr,+44 8253 6349828,"74, Beulah Hill, Upper Norwood, London Borough of Croydon, London, Greater London, England, SE19 3EW, United Kingdom",W0A 3ZR,2023-01-01 00:52:00
97476e37-8cba-4869-8718-e905bf07c5ad,Parinaaz,Padovano,1994-06-28,parinaaz.padovano@sfr.fr,+44 6105 6103193,"114, Frant Road, Thornton Heath, London Borough of Croydon, London, Greater London, England, CR7 7JR, United Kingdom",L32 0AT,2020-09-09 07:05:55
68834330-0480-4233-8137-d0e8a12ac12c,Piersanti,Pages,1966-01-16,piersanti.pages@hotmail.fr,+44 0699 4120248,"Thames Towpath, Chelsea Harbour, Sands End, London Borough of Hammersmith and Fulham, London, Greater London, England, SW10 0UY, United Kingdom",B01 1TA,2020-07-27 02:57:38
edccbbe4-13fd-47a4-ac54-7617628f5667,Onkar,Burke,1982-05-28,onkar.burke@yahoo.com,+44 8592 0093570,"Lynette Avenue, Clapham Common South Side, Abbeville Village, Clapham Park, London Borough of Lambeth, London, Greater London, England, SW4 9DJ, United Kingdom",HR2Y 3FZ,2022-09-07 22:54:09
c2bebfc7-cf7e-40b9-9d27-2714b78312ab,Shelley,Julien,1968-12-01,shelley.julien@outlook.com,+44 8696 2450001,"Silverleigh Road, Thornton Heath, London Borough of Croydon, London, Greater London, England, CR7 6DS, United Kingdom",S3U 5UP,2023-07-12 23:41:55
e220e7ae-efbe-454d-9732-65ba1f991ebc,Anaïs,Tamburello,1958-12-24,anaïs.tamburello@alice.it,+44 0940 6236837,"Artillery Lane, London Borough of Hammersmith and Fulham, London, Greater London, England, W12 0DF, United Kingdom",N5 5SQ,2019-03-15 16:06:51
2a6cecda-9a67-4b5c-85b4-e54397353d44,Julie,Jha,1936-01-04,julie.jha@yahoo.co.uk,+44 1073 1575742,"Official Residence of the Ambassador of Burma, 49, Redington Road, Vale of Health, West Hampstead, London Borough of Camden, London, Greater London, England, NW3 7RA, United Kingdom",BA0 2TN,2020-04-04 02:29:34
60cd7d54-0b3e-4a2d-a152-1ba748ac1ebb,Eleanor,Aporti,1945-12-08,eleanor.aporti@gmail.com,+44 1176 0975778,"Wellington Barracks, Birdcage Walk, Victoria, London, Greater London, England, SW1E 6AY, United Kingdom",M3 3HG,2021-07-14 10:48:26
b216c4d1-3d9d-4b68-bc0b-273a456f485d,Caroline,Thomas,1959-06-25,caroline.thomas@live.com,+44 6922 7239042,"70, Whitehall, Westminster, Covent Garden, London, Greater London, England, SW1A 2AS, United Kingdom",BL5 4NW,2018-11-07 15:33:12
219f9c6f-c046-4f24-916b-292d39466fed,Sylvia,Griffin,1933-06-22,sylvia.griffin@live.com,+44 0436 2369460,"Union Grove, Stockwell, London Borough of Lambeth, London, Greater London, England, SW8 2QJ, United Kingdom",S1U 8SA,2018-01-24 10:39:58
0297315a-28de-42fb-a09f-c228c271f9f9,Carole,Klein,1939-12-01,carole.klein@hotmail.com,+44 1693 3615810,"Sainsbury's Local, 101, Waterloo Road, South Bank, Waterloo, London Borough of Lambeth, London, Greater London, England, SE1 8UL, United Kingdom",N5W 4QL,2022-10-26 15:59:51
abe68547-6883-4956-8019-5addeb399926,Denise,Vega,1948-10-09,denise.vega@outlook.com,+44 2513 8815860,"Winterbourne Nursery & Infant School, 1, Winterbourne Road, Thornton Heath, London Borough of Croydon, London, Greater London, England, CR7 7QT, United Kingdom",CH68 8UN,2018-12-01 23:05:24
d8a201de-4062-4ea4-8dcd-e51a18ba5be5,Nitya,Cole,1913-01-07,nitya.cole@dbmail.com,+44 4848 4089789,"Stompie Garden, 105, Page's Walk, Bermondsey Spa, Old Kent Road, London Borough of Southwark, London, Greater London, England, SE1 4HD, United Kingdom",L35 4AA,2018-03-11 16:29:14
295751c3-9124-4d96-acef-c56f213fbf05,Jeffrey,Bhargava,1981-08-19,jeffrey.bhargava@yahoo.com,+44 1925 5370275,"Commonside West, Mitcham, London Borough of Merton, London, Greater London, England, CR4 4HB, United Kingdom",YO0R 5JR,2016-09-14 08:15:44
e9d52cc9-b9e5-47b1-bf09-c19d48fc658b,Margot,Bianchi,1935-10-21,margot.bianchi@gmail.com,+44 8921 6779482,"Chelsham Road, Stockwell, London Borough of Lambeth, London, Greater London, England, SW4 6NR, United Kingdom",DL75 7JE,2020-03-27 05:26:50
89e4ddb3-f9e3-419d-be95-7da3a63cbaf2,Henriette,Auger,1940-02-22,henriette.auger@yahoo.com,+44 6702 8246174,"Mackenzie Road, Anerley, London Borough of Bromley, London, Greater London, England, BR3 4SH, United Kingdom",M7 8AG,2023-02-25 03:36:52
c84c0160-a9f0-4f46-b2ec-41eafe4e2c2b,Gelsomina,Hawkins,1956-06-15,gelsomina.hawkins@laposte.net,+44 8744 3563691,"53, Bousfield Road, Telegraph Hill, New Cross Gate, London Borough of Lewisham, London, Greater London, England, SE14 5TP, United Kingdom",TR3 2YL,2021-01-03 02:23:30
3f0da1e1-8ed5-4fea-8f41-3a070394584b,Lewis,Mendoza,1969-10-20,lewis.mendoza@gmail.com,+44 9515 3966252,"Access Self Storage, Cranford Way, Ferme Park, Hornsey, London Borough of Haringey, London, Greater London, England, N8 9DG, United Kingdom",LL6B 2SB,2020-03-08 12:05:50
3bcf1c80-5c85-42eb-b8cf-3c957d72e96a,Eddie,Hora,1934-11-18,eddie.hora@gmail.com,+44 3242 0059220,"Mitcham Golf Club, Carshalton Road, Mitcham, London Borough of Merton, London, Greater London, England, CR4 4HN, United Kingdom",E6H 7FS,2021-03-07 22:33:55
73553647-0360-4aed-b37b-75625548da14,Taimur,Taylor,1958-10-14,taimur.taylor@gmail.com,+44 5688 4285152,"Curtis Field Road, Streatham Hill, London Borough of Lambeth, London, Greater London, England, SW16 2XL, United Kingdom",E3W 7LU,2014-10-15 23:55:40
536d3da2-fd4f-4e60-a1b4-71500df66388,Cassandra,Kar,1974-11-27,cassandra.kar@yahoo.com,+44 2938 3242195,"St. Helen's Road, Norbury, London Borough of Croydon, London, Greater London, England, SW16 4LB, United Kingdom",KW1 2GD,2015-05-10 07:35:15
a2d7907c-aa9a-4df5-ba9e-7145fefbc753,Aurélie,Nicholson,1976-03-03,aurélie.nicholson@hotmail.com,+44 8259 2428967,"Chesham Crescent, Penge, London Borough of Bromley, London, Greater London, England, SE20 7RW, United Kingdom",CH71 2QH,2015-03-22 12:08:41
7cc033f0-b6b9-4977-83e8-c6619f996133,Ludovico,Verdier,1953-07-07,ludovico.verdier@yahoo.co.uk,+44 9357 5362861,"696 Mangal, 696, Fulham Road, Hurlingham, Parson's Green, London Borough of Hammersmith and Fulham, London, Greater London, England, SW6 5SA, United Kingdom",DE7X 7YB,2022-02-25 03:17:51
6f55f06c-6b96-4388-8869-d334003cb01a,Roland,Lad,1933-07-04,roland.lad@hotmail.com,+44 4590 7359123,"hillside, 8, Spurgeon Road, Upper Norwood, London Borough of Croydon, London, Greater London, England, SE19 3UF, United Kingdom",KY77 0XZ,2021-08-02 09:08:43
cc3986e2-ebdb-44f9-83c9-e6b8ce3d247d,Sandro,Gilbert,1990-08-27,sandro.gilbert@live.com,+44 0414 3076782,"Magdalen Road, Earlsfield, London Borough of Wandsworth, London, Greater London, England, SW18 3NW, United Kingdom",ME4A 1WY,2018-11-23 00:51:07
f9075cb9-93be-4a6f-aa7e-7a4c945f3766,Anna,Leduc,1948-05-31,anna.leduc@hotmail.com,+44 0879 8516082,"Loreburn House, Biddestone Road, Lower Holloway, London Borough of Islington, London, Greater London, England, N7 9UD, United Kingdom",S51 4BF,2023-05-30 22:24:41
d331ab35-b926-496b-8d3d-944e528e7edc,Dario,Roussel,1988-10-21,dario.roussel@hotmail.com,+44 3049 0297694,"Mandela Way, Bermondsey Spa, Old Kent Road, London Borough of Southwark, London, Greater London, England, SE1 4HD, United Kingdom",E85 1NZ,2018-05-28 06:16:50
a9c1d92d-405c-4ca6-89cf-6fe987e4d14d,Erika,Rodgers,2001-01-09,erika.rodgers@hotmail.co.uk,+44 3938 2447672,"Saint Silas, Risinghill Street, Pentonville, Barnsbury, London Borough of Islington, London, Greater London, England, N1 9QB, United Kingdom",EC2H 5BB,2023-02-24 08:55:48
8073aca3-c1cb-4c77-b0c5-e05fde005a22,Navya,Miller,1956-03-07,navya.miller@gmail.com,+44 9898 8572850,"Garrick Avenue, Temple Fortune, London Borough of Barnet, London, Greater London, England, NW11 9AR, United Kingdom",B5G 0QN,2015-07-31 21:57:54
7802f6cb-e168-4277-a555-ba67089b3b5b,Veronica,Chauvet,1998-06-11,veronica.chauvet@yahoo.com,+44 8766 1646780,"Charles Haller Street, Streatham Hill, London Borough of Lambeth, London, Greater London, England, SW2 2YP, United Kingdom",RG9 1BX,2022-01-31 10:35:13
8b03d3c4-6f28-469a-a6bc-fd4e2b98bed1,John,Sagar,1967-05-16,john.sagar@ifrance.com,+44 2773 8805622,"Park Way, Temple Fortune, London Borough of Barnet, London, Greater London, England, NW11 0EX, United Kingdom",L49 7PH,2020-09-10 21:19:16
5d8c3d33-d95a-4aaa-b43c-bf47a65b40df,Constance,Carfagna,1979-01-19,constance.carfagna@yahoo.com,+44 1490 3313774,"Renshaw Court, 157, Church Road, Wimbledon Village, London Borough of Merton, London, Greater London, England, SW19 5AB, United Kingdom",B04 1ZU,2022-03-26 19:21:20
a19f53df-4890-4aa5-bca7-811285197c79,Samiha,Ram,2000-02-25,samiha.ram@hotmail.fr,+44 9551 0023711,"Beaumont Road, Upper Norwood, London Borough of Croydon, London, Greater London, England, SE19 3QY, United Kingdom",TA8E 3YD,2023-03-20 10:48:33
3177f631-f82f-4924-9ab9-4ce9ceb019b2,Aaina,Lucero,1927-11-21,aaina.lucero@yahoo.com,+44 7715 3440695,"Ryecroft Road, Norbury, London Borough of Croydon, London, Greater London, England, SW16 3EW, United Kingdom",ST17 1BQ,2020-01-04 08:50:02
7f526b38-bc24-49d7-a16c-b8f2956fb256,Miraya,Harris,1948-07-15,miraya.harris@live.com,+44 0357 3690293,"7, Warrington Gardens, Westbourne Green, Maida Vale, London, Greater London, England, W9 1ER, United Kingdom",S0S 8UA,2023-06-28 10:13:22
2c9aaddd-b0a8-4f57-adfc-23cbfc33511b,Mandy,Turnbull,1998-03-28,mandy.turnbull@gmail.com,+44 9926 7743085,"100, Prince of Wales Road, Maitland Park, Chalk Farm, London Borough of Camden, London, Greater London, England, NW5 3NE, United Kingdom",GU7W 5YJ,2021-08-15 03:24:52
eb79a18e-b834-434c-8a62-1910ebf9c67a,Theodore,Smith,1920-03-04,theodore.smith@yahoo.com,+44 7281 3571382,"Collingtree Road, Upper Sydenham, Forest Hill, London Borough of Lewisham, London, Greater London, England, SE26 4LQ, United Kingdom",HU19 3ZH,2018-08-12 14:52:33
4be20157-51d4-4a50-a2c9-3eaebc6f54c2,Suzanne,Tailor,1978-04-10,suzanne.tailor@tim.it,+44 8274 6907629,"Rosenstiel's, 33-35, Markham Street, Chelsea, Royal Borough of Kensington and Chelsea, London, Greater London, England, SW3 3NS, United Kingdom",WR7 0YE,2023-04-13 13:53:17
b35c781d-99a0-4452-b68f-5afc5d784890,Connor,Jackson,1999-12-24,connor.jackson@yahoo.com,+44 6130 2116642,"Hornsey Library, Haringey Park, Ferme Park, Crouch End, London Borough of Haringey, London, Greater London, England, N8 9JD, United Kingdom",B3K 8RF,2022-11-28 04:59:36
ed64d3ee-03ca-456e-8c24-05abacf2e53b,Galasso,Badal,2001-08-02,galasso.badal@hotmail.co.uk,+44 6475 9470125,"71, Abbotswood Road, Denmark Hill, East Dulwich, London Borough of Southwark, London, Greater London, England, SE22 8DJ, United Kingdom",SL00 5HF,2023-03-08 23:40:23
1cf9c974-fa46-48c0-a6cd-0ff585cf9484,Donna,Bevan,1923-09-22,donna.bevan@gmail.com,+44 3216 9909927,"Hyde Park, Knightsbridge, Belgravia, London, Greater London, England, SW1X 7JT, United Kingdom",M90 6PS,2016-11-14 03:16:44
0159bcd8-e37d-4c5e-b520-fe1744df3d83,Sam,Wright,1937-12-16,sam.wright@yahoo.com,+44 8609 4427392,"Lofting House, Lofting Road, Barnsbury, London Borough of Islington, London, Greater London, England, N1 1ES, United Kingdom",B34 5UJ,2023-10-11 01:41:40
12742b67-8174-4737-9e57-0821767af22e,Amélie,McDonald,2000-07-02,amélie.mcdonald@gmail.com,+44 0007 8422940,"Hatfields, South Bank, Waterloo, London Borough of Southwark, London, Greater London, England, SE1 8DH, United Kingdom",CF3W 9ZX,2022-02-13 20:38:14
a1027b63-bcbf-49bf-8d4d-b80b5f39184b,Niccolò,Ruberto,1922-07-11,niccolò.ruberto@hotmail.com,+44 3300 6423529,"14, Vernon Avenue, The Apostles, Raynes Park, London Borough of Merton, London, Greater London, England, SW20 8BW, United Kingdom",HP40 1EP,2020-11-20 00:46:42
14aab268-0e90-4752-bb6c-57118ca4d4ca,Nicoletta,Howard,1952-11-30,nicoletta.howard@hotmail.co.uk,+44 6894 5059257,"45-67, Southwold Road, Upper Clapton, Clapton, London Borough of Hackney, London, Greater London, England, E5 9PH, United Kingdom",DE1P 3WL,2019-12-12 15:13:22
5b24b9e4-d8b0-4b98-bb6e-07b42d04ba9e,Rebecca,Leblanc,1978-01-19,rebecca.leblanc@yahoo.com,+44 7143 4470724,"Music Agency London, 143C, Selhurst Road, Selhurst, London Borough of Croydon, London, Greater London, England, SE25 6LQ, United Kingdom",CO89 0GH,2019-01-17 22:13:32
3ade6f67-2db6-4daa-adf2-2bdbbaf62e40,Astrid,Clark,1987-02-14,astrid.clark@libero.it,+44 5883 4712211,"Birkbeck Mews, South Hornsey, Shacklewell, London Borough of Hackney, London, Greater London, England, E8 2PJ, United Kingdom",L6 5PP,2018-02-02 07:17:39
a15b13da-8f58-4849-87ed-37e0ece3cf36,Tamara,Bryant,1947-09-21,tamara.bryant@gmail.com,+44 7874 8362826,"The Farm, Princes Way, Southfields, London Borough of Wandsworth, London, Greater London, England, SW19 6QE, United Kingdom",N72 5FE,2022-08-29 09:25:44
6b9ca4bd-69a9-4b86-af0c-abb9dc63fe29,Chelsea,Ashley,1926-11-27,chelsea.ashley@yahoo.fr,+44 3438 7534878,"66, Golborne Road, North Kensington, Royal Borough of Kensington and Chelsea, London, Greater London, England, W10 5NP, United Kingdom",E16 4ZJ,2021-06-11 23:57:36
2caa535e-78de-466c-aadc-e3e9f5077d22,Patricia,Littizzetto,1993-11-28,patricia.littizzetto@yahoo.com,+44 4269 9799640,"Kensington Gardens, West Carriage Drive, Paddington, London, Greater London, England, W2 2NB, United Kingdom",S21 2GB,2021-04-19 08:15:11
cc002588-6025-4eb2-a2e4-75d144185cdf,Bhamini,Vyas,1959-12-05,bhamini.vyas@yahoo.co.uk,+44 3597 0599932,"Kingsway, St Clement Danes, Holborn, Islington, City of Westminster, Greater London, England, WC2B 6XG, United Kingdom",PL31 7SY,2018-04-25 21:53:19
b1ee077e-714f-4c73-ad1b-a1812b67b0bf,Anne,Townsend,1922-04-05,anne.townsend@hotmail.com,+44 2064 2983169,"Battersea Park Road, Nine Elms, London Borough of Wandsworth, London, Greater London, England, SW11 8AL, United Kingdom",PR72 0ZG,2023-07-26 19:44:12
b3f017ea-44c8-4d5b-93ea-c46599f162a4,Giuseppina,Stout,1924-04-01,giuseppina.stout@live.com,+44 1458 1885144,"Wheler House, Quaker Street, Spitalfields, Whitechapel, London Borough of Tower Hamlets, London, Greater London, England, E1 6SZ, United Kingdom",B1 9DA,2022-09-03 12:48:46
34fb1de4-819e-4a62-9b59-69925502398d,Raymond,Nguyen,1989-09-09,raymond.nguyen@yahoo.com,+44 2868 4300367,"Ambrose House, 19, Circus Road West, Nine Elms, London Borough of Wandsworth, London, Greater London, England, SW11 8EL, United Kingdom",DL8 1NB,2018-02-18 01:10:44
b9f60ed7-bcc2-4129-b362-271e93afdd65,Gianluigi,Hoarau,1978-12-05,gianluigi.hoarau@hotmail.com,+44 7611 0277901,"Holmdene Avenue, Dulwich Village, London Borough of Southwark, London, Greater London, England, SE24 9JY, United Kingdom",B4B 2ZN,2017-11-27 07:03:51
a5614fa0-0daa-4043-b9f4-2320e900fc1b,Raffaella,Bruneau,1950-07-03,raffaella.bruneau@hotmail.com,+44 0589 6057280,"21-23, The Marlowes, St. John's Wood, London, Greater London, England, NW8 6NB, United Kingdom",W10 1RF,2023-05-15 11:17:58
4997a804-6855-46dd-9fef-a4dee0cd5e78,Fabrizia,Boyle,1917-07-28,fabrizia.boyle@gmail.com,+44 3210 0514234,"Abbots Terrace, Ferme Park, Crouch End, London Borough of Haringey, London, Greater London, England, N8 9DY, United Kingdom",CO55 5GF,2019-02-24 20:01:52
3e808340-b405-4597-bfa3-f3ca6e542b20,Jade,Pizzetti,2001-08-10,jade.pizzetti@yahoo.co.uk,+44 7274 8149916,"56, Elsworthy Road, Swiss Cottage, Belsize Park, London Borough of Camden, London, Greater London, England, NW3 3BU, United Kingdom",NG4 6LS,2023-07-11 01:52:09
27bf1b63-d067-44ff-934c-c4c7073612b4,Jérôme,Loke,1937-01-05,jérôme.loke@hotmail.fr,+44 3774 3740762,"Lymington Close, Lonesome, Pollards Hill, London Borough of Merton, London, Greater London, England, SW16 4QL, United Kingdom",KT9B 2TD,2022-03-11 00:43:01
ba2ad9eb-0cac-4f1a-9bef-7f92bc8b806e,Kristen,Shanker,1946-02-27,kristen.shanker@yahoo.co.uk,+44 8525 4432233,"22,22A, Errol Gardens, West Barnes, London Borough of Merton, London, Greater London, England, KT3 6QE, United Kingdom",WR57 4BR,2018-07-15 13:12:12
